,ticker
0,CECE
1,ABT
2,ACU
3,RWC
4,AMD
5,ASMIY
6,AEM
7,APD
8,ATRI
9,ALCO
10,HON
11,SWKS
12,AA
13,HES
14,ABLT
15,HAIPF
16,ALGI
17,ASEI
18,AVD
19,AME
20,AMGN
21,AP
22,ADI
23,ALOG
24,ANDR
25,NBR
26,APA
27,ASOE
28,APOG
29,AAPL
30,AMAT
31,ATU
32,TREC
33,ADM
34,ARTW
35,ASH
36,ALOT
37,ATRO
38,ATW
39,REX
40,AVY
41,AVP
42,AZZ
43,PRSN
44,BMI
45,BHI
46,BCPC
47,BLL
48,BCR
49,B
50,BRN
51,ABX
52,BSET
53,BAX
54,CHSO
55,BDX
56,NICH
57,BELFB
58,BMS
59,BENG
60,BIO
61,5938B
62,NIMU
63,ESV
64,BLT
65,BA
66,RFP
67,BRC
68,BRID
69,BGG
70,MSGI
71,BMY
72,BF.B
73,CAL
74,BC
75,MTRN
76,FRTN
77,RUNI
78,CSS
79,CTS
80,CVV
81,CBT
82,CAMP
83,CAEN
84,CPB
85,STZ
86,CSL
87,CRS
88,CAT
89,RFIL
90,CYDI
91,CMN
92,DLPX
93,CKP
94,CLSN
95,CVX
96,CVR
97,CHD
98,CRLI
99,CTAS
100,CLC
101,CLF
102,CLX
103,COKE
104,KO
105,CDE
106,COHR
107,COHU
108,CL
109,CCF
110,CGCO
111,CMC
112,JCS
113,CMTL
114,CAG
115,CNLG
116,CUO
117,CTB
118,COO
119,TAP
120,GLW
121,CR
122,CHMT
123,CCK
124,CRWS
125,CUB
126,CFI
127,CMI
128,CW
129,OXIS
130,DAN
131,DHR
132,DAIO
133,DRAM
134,DWSN
135,DXR
136,VIEWF
137,DE
138,DLX
139,DEWY
140,DBD
141,NSYS
142,DIOD
143,DION
144,DXYN
145,DCI
146,RRD
147,ESCRQ
148,DOV
149,DOW
150,DD
151,DCO
152,FLS
153,DY
154,DYNT
155,DYSL
156,PKI
157,STS
158,EML
159,KODK
160,ETN
161,ECL
162,ESIO
163,ELSE
164,EMR
165,MSN
166,WFT
167,EBF
168,ENZN
169,ETCC
170,ERIC
171,ESCA
172,ESP
173,ESL
174,NEU
175,ESCC
176,EXAR
177,BOOM
178,IIIN
179,XOM
180,FMC
181,FARM
182,FDML
183,FSCR
184,FSS
185,FOE
186,CLBS
187,FLXS
188,FLO
189,FLR
190,F
191,FELE
192,FEIM
193,FRD
194,FUL
195,AJRD
196,GD
197,GIS
198,GM
199,SPXC
200,GNTX
201,GIGA
202,GLT
203,WSRA
204,GDRZF
205,GLDC
206,GV
207,GT
208,GRC
209,GRA
210,GGG
211,GHM
212,PXFG
213,ALSE
214,GEF
215,HAL
216,HKNI
217,HSC
218,HAS
219,AMOT
220,STRL
221,HL
222,HEI
223,HELE
224,HP
225,HSY
226,HPQ
227,HXL
228,HICKA
229,HRC
230,HFC
231,HNI
232,HRL
233,HOV
234,HUB.B
235,HURC
236,HTCH
237,HYDI
238,IEC
239,ITT
240,ITW
241,TLGT
242,IMMU
243,IEHC
244,IR
245,AEGN
246,GFF
247,IDTI
248,INTC
249,INS
250,INRD
251,TILE
252,IFF
253,NAV
254,IP
255,INPHQ
256,IVC
257,ISRL
258,JCLY
259,JEC
260,EME
261,JNJ
262,JCI
263,KLAC
264,PNRG
265,FRM
266,KATY
267,K
268,KMT
269,KEQU
270,KTCC
271,KBAL
272,KMB
273,KMTUY
274,KOSS
275,KRSL
276,KLIC
277,KYO
278,LYTS
279,LXU
280,XCRA
281,LZB
282,LRCX
283,LANC
284,LNCE
285,PCGR
286,LEE
287,LEG
288,LEN
289,LCAR
290,LUK
291,STSC
292,LLY
293,LECO
294,KATE
295,LMT
296,RRC
297,LPX
298,LDL
299,LGL
300,MDC
301,MTSC
302,MPET
303,MGA
304,MTW
305,MRO
306,MAS
307,CCUR
308,PCRFY
309,MAT
310,MXWL
311,MKC
312,MDR
313,MCRAA
314,MKTY
315,GENC
316,INVI
317,MDT
318,MRK
319,MDP
320,MLAB
321,MEI
322,MXC
323,MU
324,MPAD
325,MSCC
326,MFCO
327,MKRS
328,MLHR
329,MSA
330,XCO
331,MMM
332,MOCO
333,MOD
334,MCEM
335,QDEL
336,MOG.A
337,MSI
338,MUR
339,MYE
340,MYL
341,NL
342,NRTI
343,BMRA
344,NANO
345,NSSC
346,MRNA
347,NPK
348,0170A
349,NATR
350,NYT
351,NWL
352,NEM
353,NEWP
354,NKE
355,NOBH
356,NBL
357,NDSN
358,NC
359,NOC
360,TEX
361,NVO
362,NUE
363,USAE
364,OPST
365,OXY
366,OBCI
367,OII
368,ITI
369,ODC
370,OLN
371,ORBK
372,ORBT
373,OC
374,OI
375,OXM
376,PFIN
377,PPG
378,PCAR
379,PAR
380,PARF
381,PKE
382,PKD
383,PH
384,PATK
385,GDP
386,PVA
387,PNR
388,PEP
389,TPC
390,PDCE
391,PFE
392,MO
393,COP
394,PVH
395,SENEA
396,PBI
397,KGC
398,POLXF
399,PCH
400,POWL
401,PCP
402,PG
403,PHM
404,KWR
405,ASYS
406,QTM
407,RES
408,RPM
409,USLM
410,RAVN
411,RTN
412,RBC
413,RSKIA
414,ROK
415,ROG
416,RDC
417,ROWC
418,KIDBQ
419,PGNT
420,SLI
421,STJ
422,SLB
423,SCHL
424,SHLM
425,SCND
426,SLGD
427,SEE
428,IIN
429,SMTC
430,SVT
431,SHW
432,JDOGQ
433,SIF
434,SIAL
435,MUX
436,SKY
437,AOS
438,SJM
439,SNA
440,SODI
441,SON
442,PES
443,SPAN
444,SPAR
445,SPA
446,SPIR
447,STAA
448,STDE
449,SMP
450,CAA
451,SRCTQ
452,SXI
453,SWK
454,SCX
455,SCL
456,SYK
457,RGR
458,SUP
459,SGC
460,SFY
461,SYNL
462,TNRK
463,TAYD
464,TCCO
465,TRC
466,ATI
467,TFX
468,TNC
469,TEN
470,TER
471,TSO
472,ETAH
473,TXN
474,TXT
475,TMO
476,THO
477,TKR
478,TOF
479,TR
480,TTC
481,TTLO
482,TOSYY
483,TNLX
484,BZC
485,ELXS
486,TMED
487,TRN
488,TRT
489,TWIN
490,TSN
491,USG
492,UFI
493,UNF
494,DOW2
495,UNT
496,UG
497,USEG
498,COWP
499,UTX
500,SGMS
501,DLOV
502,SXT
503,UUU
504,UTMD
505,VFC
506,VMI
507,VAL
508,VAR
509,VECO
510,VII
511,VIDE
512,CUSI
513,VIRC
514,VSH
515,VMC
516,WDFC
517,WSCI
518,WPP
519,WGA
520,WST
521,WDC
522,WLB
523,WY
524,HNH
525,WHR
526,JW.A
527,WMSI
528,WGO
529,WWW
530,WWD
531,WOR
532,HRG
533,OSK
534,SKFRY
535,ECA
536,DW
537,CASM
538,AEPI
539,APC
540,NE
541,ACUR
542,CAW
543,RMCF
544,EMC
545,ALTX
546,SCNI
547,RGEN
548,CY
549,LLTC
550,SIGM
551,AMAG
552,XOMA
553,SXCL
554,ASTE
555,VGZ
556,SVCBY
557,AMWD
558,HOG
559,TOL
560,IGNE
561,VIVO
562,CYBD
563,WTS
564,PDEX
565,NVR
566,ARWD
567,DJCO
568,CYAN
569,VHI
570,UNDT
571,LAKE
572,MHO
573,WACLY
574,KBH
575,CVM
576,ABEO
577,BVX
578,IBAL
579,VRTC
580,CCE
581,PARS
582,STKL
583,PPC
584,HAR
585,LOJN
586,AXIH
587,TTII
588,ISR
589,JJSF
590,ZQKSQ
591,ICAD
592,SCIE
593,AXLL
594,OSUR
595,RGRX
596,PLXS
597,STTX
598,JOY
599,ONDOF
600,SOTK
601,CYTR
602,PLAB
603,ICCC
604,REPR
605,HJOE
606,RCPI
607,SAFM
608,VOQP
609,VOXX
610,CCC
611,GVHIB
612,MMTC
613,3SNGX
614,NNUTU
615,MIDD
616,CPSH
617,CELG
618,ABMD
619,CNMD
620,XRAY
621,NAII
622,LABL
623,HRTX
624,KOOL
625,RGLS
626,CBM
627,MPML
628,JOUT
629,VGR
630,MEOH
631,CCHI
632,TGA
633,CAON
634,3QZMRE
635,MCCK
636,BDRBF
637,AIN
638,CYBE
639,MITK
640,AREM
641,MNI
642,SEV
643,FTDL
644,TATT
645,GORV
646,SLGLF
647,MXIM
648,APH
649,AKRX
650,IPAR
651,PII
652,NBRXF
653,ICPT
654,ALTR
655,PXD
656,BJCT
657,QTXB
658,IIVI
659,MERC
660,MGCD
661,FCX
662,JNP
663,PPHM
664,PARD
665,AAIIQ
666,MTH
667,ACI
668,CMT
669,GLRP
670,BRSI
671,MGPI
672,DDD
673,AUSI
674,DVN
675,LOGC
676,LNN
677,CSBR
678,TORM
679,GG
680,CPE
681,LWAY
682,LKAI
683,FCAU
684,VODG
685,OVAS
686,VSTI
687,URRE
688,VLO
689,IEX
690,HNR
691,BNSO
692,MLI
693,TECH
694,EMIS
695,TG
696,DDC
697,PRTK
698,TRI
699,PCL
700,QLTI
701,SDLP
702,CGNX
703,CRUS
704,NEOG
705,LEA
706,EOG
707,CORX
708,HUWX
709,AHII
710,POT
711,LSCC
712,DGII
713,RTRX
714,NSLP
715,XONE
716,ADHD
717,IMGN
718,BLFS
719,TTPH
720,THST
721,PETX
722,ADMA
723,UCP
724,EPZM
725,DDAIF
726,IKNX
727,ALLM
728,AEGG
729,CSTM
730,BLUE
731,CCS
732,BMIX
733,KGET
734,AGIO
735,CNAT
736,ESPR
737,ONTX
738,EVOK
739,ANIP
740,WTER
741,3SLNN
742,XON
743,CBDS
744,LPCN
745,FMI
746,IPWR
747,XLRN
748,BIND
749,CLRO
750,FATE
751,IMNP
752,OPHT
753,AXPW
754,CPXX
755,LGIH
756,HDNG
757,MGNX
758,EPE
759,TRXC
760,AROSF
761,AERI
762,3PROP
763,OCIP
764,GLYC
765,TNDM
766,TRVN
767,KPTI
768,VTL
769,VCYT
770,TLOG
771,RLYP
772,EGLT
773,REPH
774,NRDCQ
775,NSANY
776,RXDX
777,BIOC
778,HNRG
779,RARE
780,CARA
781,RSPP
782,3STOY
783,SMLR
784,NTIC
785,PLPC
786,ESES
787,RICE
788,GIII
789,ITCI
790,NRX
791,GNCA
792,MFRI
793,PHX
794,KGHI
795,CBPX
796,EBIO
797,DRNA
798,RVNC
799,FLXN
800,CNCE
801,XDSL
802,FECOF
803,AQXP
804,AKAO
805,DPRX
806,ORPN
807,EGRX
808,VSAR
809,AKBA
810,CORI
811,3CDNLE
812,COCBF
813,MCET
814,POPE
815,AGTC
816,7314B
817,AGRX
818,ALDX
819,AERT
820,SCYX
821,ADMS
822,STAK
823,TRIV
824,MDIT
825,SDPI
826,MRD
827,ARET
828,CERU
829,SMG
830,PSTR
831,NERV
832,ONTY
833,COT
834,OEC
835,ECR
836,COG
837,MRNS
838,NG
839,ZSPH
840,KITE
841,ARDX
842,DNR
843,PARN
844,PAAS
845,ROKA
846,DOOR
847,TESO
848,CSCO
849,PFNX
850,CAPN
851,HOLX
852,SAGE
853,IRMD
854,HSDT
855,MCUR
856,XENT
857,IMDZ
858,RIGP
859,OCUL
860,AAVL
861,TTOO
862,MBVX
863,RWLK
864,ADMT
865,AXDX
866,FCSC
867,OTIC
868,TNSB
869,ICD
870,EARS
871,VBLT
872,CFRX
873,TTI
874,VICR
875,CLSI
876,TKAI
877,EYES
878,VTAE
879,GVA
880,BEAV
881,CVRS
882,PRQR
883,AAON
884,ELST
885,ROBOF
886,DERM
887,VSLR
888,CALA
889,AFMD
890,NVEC
891,MMSI
892,SRMC
893,FRPT
894,PRTO
895,NDRM
896,GBSN
897,CHRS
898,FGEN
899,NVRO
900,NEOT
901,SIEN
902,DIIBF
903,ESGI
904,HRT
905,RMP
906,OVLG
907,HSGX
908,BLCM
909,XLNX
910,SSRG
911,LRAD
912,ACAT
913,CYUR
914,SPCO
915,PIRS
916,AVTCQ
917,ITRO
918,LCI
919,MGN
920,WELX
921,VAPI
922,TIK
923,UQM
924,3SIAF
925,TRMB
926,FHCO
927,ALPE
928,OKRG
929,RSRV
930,CRK
931,JOEZ
932,SHMP
933,BHE
934,NSAT
935,OA
936,ESE
937,ETH
938,BIOL
939,IFNYD
940,TBACQ
941,GNBA
942,MRPI
943,NOK
944,DORM
945,ATML
946,REGN
947,RTK
948,UAHC
949,PMCS
950,X
951,JUNP
952,AXAS
953,HAE
954,ISIS
955,LCUT
956,ADLI
957,IDXX
958,KALU
959,ALKS
960,VRTX
961,ZBRA
962,TFRY
963,FIZZ
964,BIIB
965,WOOF
966,WLH
967,WTT
968,SYNI
969,BSTC
970,WNC
971,JBSS
972,PRGO
973,AMSC
974,BLGO
975,QCOM
976,EEP
977,AHPI
978,PEYE
979,SPNC
980,GILD
981,PDLI
982,ABAX
983,MSON
984,ACFN
985,ROP
986,ITPOF
987,TNH
988,ELY
989,SCLN
990,STEM
991,ICUI
992,MHK
993,PX
994,NCS
995,GETG
996,KOPN
997,AGCO
998,LPAD
999,BSX
1000,STE
1001,DHI
1002,QUSA
1003,HAMP
1004,FCEL
1005,SPN
1006,WIRE
1007,AVTI
1008,PRCP
1009,CVU
1010,CRVP
1011,LFUS
1012,CREAF
1013,EFII
1014,SFEGQ
1015,KEM
1016,GCEH
1017,MTX
1018,PQ
1019,ULUR
1020,STLY
1021,NAVB
1022,SATCQ
1023,LGND
1024,GTLS
1025,MRVC
1026,SM
1027,ULBI
1028,GPOR
1029,3PTQME
1030,SMIT
1031,EGO
1032,SSRI
1033,CHMP
1034,EGY
1035,EROX
1036,NLS
1037,CAPS
1038,RCKY
1039,HMGN
1040,CHK
1041,CREE
1042,LIVN
1043,CRY
1044,UEIC
1045,AGN
1046,PENC
1047,RELV
1048,VICL
1049,AVID
1050,TENX
1051,ALG
1052,MCHP
1053,LBIX
1054,JAH
1055,AEMD
1056,RPRX
1057,0160A
1058,NSU
1059,FOSL
1060,SANM
1061,AGU
1062,ATR
1063,POL
1064,JBL
1065,ANIK
1066,GILT
1067,TWI
1068,CWEI
1069,PERY
1070,RIG
1071,FTK
1072,OFIX
1073,MAGS
1074,EZCH
1075,THRM
1076,FXEN
1077,LBY
1078,FLIR
1079,SHLO
1080,SGY
1081,KTEC
1082,ATRM
1083,BLDP
1084,BWA
1085,ROYL
1086,OXGN
1087,JAGGF
1088,ARRS
1089,GMCR
1090,PBSOQ
1091,UTEK
1092,BDC
1093,DECK
1094,INSV
1095,PTEN
1096,INCY
1097,ROCK
1098,ITRI
1099,UFPI
1100,MACE
1101,NFX
1102,VIAV
1103,POSC
1104,PRKR
1105,SHOO
1106,EMN
1107,PLNR
1108,UFPT
1109,CYT
1110,MCZ
1111,SGMA
1112,DAKT
1113,DSPG
1114,MLM
1115,ALB
1116,BZH
1117,NIHK
1118,QLGC
1119,AOGN
1120,WRK
1121,BCRX
1122,NNBR
1123,RVLT
1124,MPAA
1125,VRX
1126,GPIC
1127,AKS
1128,SPORQ
1129,VVUS
1130,NMRX
1131,SILC
1132,EXP
1133,NKTR
1134,ITXN
1135,FLEX
1136,DSCI
1137,STKR
1138,SYPR
1139,SSD
1140,BFRE
1141,LJPC
1142,IMAX
1143,GRMC
1144,FDP
1145,GBX
1146,XPL
1147,MATW
1148,TARO
1149,MLR
1150,ADTN
1151,EFOI
1152,SGUI
1153,DAR
1154,ARIA
1155,MTSN
1156,SSYS
1157,SMDM
1158,UNRG
1159,RGUS
1160,USAP
1161,SWC
1162,TSEM
1163,SKVY
1164,PRPH
1165,CYD
1166,CHRN
1167,BRKS
1168,ISSI
1169,GPTX
1170,MYMX
1171,AUY
1172,MYNG
1173,STRT
1174,CHNR
1175,CLAR
1176,ANAD
1177,HAUP
1178,HLIT
1179,EZENQ
1180,FEIC
1181,RMD
1182,SCKT
1183,CAM
1184,NHTC
1185,REMI
1186,WAB
1187,SUNE
1188,WSGI
1189,DSWL
1190,AMNL
1191,OMRX
1192,DSCO
1193,IART
1194,BREW
1195,LTEC
1196,BTN
1197,CVO
1198,CRAY
1199,GSIG
1200,PLNTQ
1201,MYGN
1202,ZCOM
1203,DO
1204,TINO
1205,RSYS
1206,OPK
1207,MLSS
1208,SNDK
1209,CNVT
1210,SWM
1211,LXK
1212,AEIS
1213,EL
1214,WAT
1215,HW
1216,SAM
1217,IVAC
1218,NTAP
1219,NWPX
1220,WSTL
1221,NVAX
1222,NUOT
1223,SMID
1224,TGTX
1225,BDR
1226,NYMX
1227,CLB
1228,RDEN
1229,ASTC
1230,AXLE
1231,SCCO
1232,TTNP
1233,INBP
1234,IDRA
1235,HRBR
1236,AOLS
1237,SPDE
1238,APT
1239,APRI
1240,NFTI
1241,IRIX
1242,LNDC
1243,TGC
1244,PERT
1245,USAT
1246,LPTH
1247,CMCO
1248,FORD
1249,ALXN
1250,REV
1251,EVTN
1252,NSFDF
1253,IAG
1254,FRGY
1255,ENTK
1256,TNKY
1257,ABUS
1258,CENX
1259,HEB
1260,KVHI
1261,OCC
1262,PLX
1263,QMRK
1264,DF
1265,CRR
1266,PLCM
1267,JAKK
1268,PRVT
1269,PWVI
1270,TUP
1271,NBIX
1272,EXAC
1273,ULGX
1274,BOSC
1275,AFFX
1276,ASNB
1277,CASI
1278,ARDM
1279,ELGX
1280,ECIA
1281,IMN
1282,TRQ
1283,RGBOQ
1284,QGEN
1285,PDMI
1286,3RCAR
1287,DYNR
1288,HDYN
1289,GERN
1290,AMAR
1291,GES
1292,PURE
1293,WG
1294,TACT
1295,MVIS
1296,AEZS
1297,QEPC
1298,ENDP
1299,SPPI
1300,RSTI
1301,ORCT
1302,ATRS
1303,ARQL
1304,MSTX
1305,AMTY
1306,USNA
1307,TGI
1308,DGRI
1309,NOV
1310,HCHC
1311,CDOM
1312,NUS
1313,STLD
1314,VSAT
1315,SNAK
1316,HIHO
1317,ARXG
1318,DEL
1319,DPW
1320,AVXT
1321,SNHY
1322,CALM
1323,ELTK
1324,WTRO
1325,CERS
1326,VCEL
1327,CIEN
1328,SLGN
1329,NMGC
1330,PFTI
1331,CTIC
1332,EGI
1333,APWC
1334,CBI
1335,ALTI
1336,GIFI
1337,RMCP
1338,VCST
1339,EMKR
1340,BKYI
1341,XPLR
1342,TRBD
1343,ALV
1344,KNL
1345,DNN
1346,KMG
1347,QRVO
1348,SRPT
1349,IVANF
1350,RL
1351,INTT
1352,ORFR
1353,FIX
1354,HLX
1355,AROC
1356,HSKA
1357,SHFK
1358,3GTHP
1359,OUTR
1360,QUIK
1361,ENYNF
1362,RITT
1363,SVIN
1364,CGNT
1365,CRZO
1366,3INIS
1367,AEHR
1368,NTFY
1369,SIGAQ
1370,LGCUF
1371,SEYE
1372,MTOR
1373,FARO
1374,SPB
1375,RDCM
1376,TFRFF
1377,AMEN
1378,INVE
1379,SRI
1380,OSIS
1381,DRQ
1382,CUI
1383,HPPI
1384,CTIB
1385,MTD
1386,ECTE
1387,3SVON
1388,PGNX
1389,NVDL
1390,ORXE
1391,GEOS
1392,AMCC
1393,AUMN
1394,ILIU
1395,NANX
1396,DEPO
1397,IEAM
1398,BBRY
1399,INGR
1400,MHRC
1401,POWI
1402,BRTX
1403,PBIX
1404,PHLI
1405,AMIN
1406,SCS
1407,RMTI
1408,IESC
1409,CRME
1410,MRCY
1411,PWR
1412,ZAAP
1413,NUTR
1414,0084A
1415,TOR
1416,CIX
1417,JST
1418,GSVI
1419,VDSI
1420,INO
1421,BRCM
1422,SHCAY
1423,SNN
1424,LOGI
1425,AUNFF
1426,MMTIF
1427,AOIFF
1428,SLW
1429,COLM
1430,NGD
1431,ELDO
1432,ELTP
1433,FPP
1434,PLM
1435,GNBT
1436,GPXM
1437,BWMG
1438,ARSC
1439,IBTGF
1440,THM
1441,FSM
1442,KOLR
1443,EXK
1444,PNCKF
1445,RVTI
1446,UUUU
1447,TPIV
1448,RYSMF
1449,LUNMF
1450,SVMLF
1451,UPL
1452,JSDA
1453,AG
1454,WPRT
1455,OME
1456,GAI
1457,WUHN
1458,AMKR
1459,GRUA
1460,SHDBQ
1461,IOSP
1462,LLL
1463,AXTI
1464,CNRD
1465,GIL
1466,PANC
1467,BEBE
1468,GNVC
1469,LMIA
1470,CLS
1471,DYAX
1472,LEU
1473,ELON
1474,EPD
1475,MTEX
1476,EVAI
1477,IXYS
1478,RIBT
1479,EMAN
1480,YUII
1481,IFUE
1482,DVTS
1483,SWHC
1484,GGLR
1485,SCSS
1486,XNNH
1487,ALRT
1488,ASCBQ
1489,SKVI
1490,SEVT
1491,NVDA
1492,AUPH
1493,AXL
1494,AMRI
1495,FVRG
1496,KWKAQ
1497,CGXEF
1498,DVLY
1499,MKSI
1500,TREX
1501,EXTR
1502,SIDGQ
1503,CNX
1504,SWIR
1505,NXRA
1506,AOBI
1507,BRCD
1508,USCR
1509,AUDC
1510,RAI
1511,SKX
1512,UTHR
1513,MVRM
1514,JNPR
1515,IDSY
1516,DDXS
1517,IMSC
1518,TWSI
1519,HOFT
1520,GMO
1521,BMRN
1522,TC
1523,TLR
1524,SMGY
1525,LII
1526,ROFO
1527,ARLP
1528,ZTHO
1529,AGI
1530,ADBN
1531,OMN
1532,ATGN
1533,CIR
1534,VASC
1535,PCTI
1536,RDWR
1537,CRDS
1538,OPXA
1539,TKOI
1540,PLUG
1541,EVSV
1542,FSI
1543,IDN
1544,FNSR
1545,RTEC
1546,VGLS
1547,A
1548,TDY
1549,BIPH
1550,XMEX
1551,MTLK
1552,WPCS
1553,VTST
1554,PRTX
1555,WILN
1556,PKG
1557,PRXM
1558,ZYXI
1559,AGEN
1560,ISIL
1561,UTSI
1562,CSTI
1563,CBNR
1564,SLAB
1565,ALVRQ
1566,EW
1567,EPC
1568,RIGL
1569,LMNX
1570,CAMT
1571,CCMP
1572,LXRX
1573,SGMO
1574,EXEL
1575,NVMI
1576,OCLR
1577,QBAK
1578,MVG
1579,PXLW
1580,FRMB
1581,FOSI
1582,ISSC
1583,INSM
1584,SOIGF
1585,VC
1586,STHI
1587,ISRG
1588,CPHD
1589,DAAT
1590,BAS
1591,TIKRF
1592,BLUSF
1593,MRVL
1594,CPST
1595,EXFO
1596,DLA
1597,IGOI
1598,ENTG
1599,ACLS
1600,GREM
1601,SRTI
1602,OVTI
1603,AIRO
1604,SMTX
1605,CIRC
1606,ARNA
1607,KERX
1608,CRIS
1609,ERMS
1610,LTRX
1611,BRKR
1612,CRNT
1613,ACPW
1614,MDCO
1615,RTIX
1616,CGEN
1617,AVSR
1618,TMEN
1619,TTMI
1620,COSN
1621,DCTH
1622,VRML
1623,DRRX
1624,GB
1625,LVLEF
1626,BAA
1627,COH
1628,RMLFF
1629,POZN
1630,XXIA
1631,MON
1632,HYGS
1633,ZHNE
1634,MIFI
1635,ARRY
1636,BCONQ
1637,AFOP
1638,MOSY
1639,NS
1640,ALGN
1641,CSCD
1642,GRMN
1643,SGEN
1644,HBIO
1645,DVAX
1646,SRCH
1647,ACAD
1648,AXMP
1649,OIS
1650,GMXRQ
1651,BTU
1652,AACS
1653,MPX
1654,SYNA
1655,MDLZ
1656,TSTC
1657,WMGI
1658,RVP
1659,BOREF
1660,RSCF
1661,NGMC
1662,FENCF
1663,TASR
1664,IFBV
1665,OPCO
1666,COL
1667,EXNT
1668,IMOS
1669,EGT
1670,AKG
1671,HESG
1672,SZSN
1673,BG
1674,BABY
1675,PDFS
1676,ZBH
1677,NWBO
1678,MMMW
1679,GPTC
1680,NPHC
1681,PTRZ
1682,PRXG
1683,CREG
1684,3CSSV
1685,FFHN
1686,ACW
1687,AYI
1688,SCUEF
1689,LQMT
1690,ENDRQ
1691,ALR
1692,LNKG
1693,CORT
1694,CUTR
1695,HUSA
1696,ERHE
1697,ATCV
1698,LO
1699,LODE
1700,VSYS
1701,TRGD
1702,SGZH
1703,TERX
1704,MRDAF
1705,IOC
1706,APPY
1707,BDSI
1708,GLDD
1709,ITWG
1710,TDG
1711,FORM
1712,IRLD
1713,LF
1714,LONCF
1715,MWE
1716,CBAK
1717,NPO
1718,SPU
1719,QTWW
1720,CAAS
1721,QMDT
1722,GALT
1723,SVA
1724,CRI
1725,BBCZ
1726,OVIT
1727,RKTE
1728,NGS
1729,OCAT
1730,NEWN
1731,SUWN
1732,STX
1733,TEGR
1734,3NEPH
1735,HALO
1736,WRES
1737,MTRO
1738,PSTI
1739,DGNG
1740,FCCN
1741,QEP
1742,SPHS
1743,OGEN
1744,CRHM
1745,TROV
1746,WLL
1747,NAXG
1748,LGDI
1749,BLHI
1750,QUES
1751,PMCB
1752,TSRA
1753,GTXI
1754,TPX
1755,CMP
1756,MJNA
1757,KRO
1758,MEIP
1759,CRLRF
1760,DYAI
1761,3NUINE
1762,CYTK
1763,BGS
1764,OEDV
1765,THLD
1766,GSIT
1767,SARAQ
1768,MFLX
1769,XRM
1770,MNKD
1771,WTI
1772,HERB
1773,STXS
1774,NURO
1775,CVGI
1776,SYMX
1777,VSPC
1778,THRX
1779,WLK
1780,MRTX
1781,CYCC
1782,JRCCQ
1783,MPWR
1784,ENS
1785,ELOS
1786,GSI
1787,TEAR
1788,CHCI
1789,MNTX
1790,XSPY
1791,MOS
1792,DGLY
1793,CE
1794,NP
1795,HUN
1796,ANRZQ
1797,BBG
1798,SNSS
1799,GMVI
1800,PAY
1801,RAIL
1802,DRYS
1803,SNTA
1804,XNPT
1805,USPR
1806,DXCM
1807,MNOV
1808,SGI
1809,BPZRQ
1810,ABPI
1811,BLDR
1812,LTUS
1813,KOP
1814,9394B
1815,NUVM
1816,DMND
1817,EVOGD
1818,ZN
1819,TIS
1820,ATRC
1821,WPZ
1822,RNN
1823,ALJ
1824,CF
1825,THS
1826,GTE
1827,ATNY
1828,LINE
1829,OFLX
1830,ACNI
1831,MDVN
1832,MELA
1833,CHBT
1834,IRBT
1835,ACCO
1836,ROLL
1837,GHDX
1838,NXTM
1839,NOEC
1840,SCNG
1841,CYNO
1842,HOLI
1843,CROX
1844,SPWR
1845,UA
1846,SYUT
1847,ZIOP
1848,SOEN
1849,ARII
1850,DPM
1851,CERPQ
1852,SEED
1853,URG
1854,WNR
1855,ROX
1856,UEC
1857,CLMT
1858,GEOR
1859,CRXM
1860,CRDC
1861,AIRI
1862,NVDQ
1863,AHGP
1864,CODI
1865,ALXA
1866,5929B
1867,PSID
1868,VNDA
1869,LGCY
1870,ATLS
1871,MWA
1872,ATEC
1873,DK
1874,CBLI
1875,PMFI
1876,MCIG
1877,WARM
1878,TRTC
1879,ZAZA
1880,3CBBT
1881,PSX
1882,LSTS
1883,GOGC
1884,TSRO
1885,TPNEF
1886,KBSF
1887,NCQ
1888,CLIR
1889,PRBEF
1890,PGTI
1891,ACHN
1892,HK
1893,MBGNF
1894,LMAT
1895,WEST
1896,MITL
1897,IPHS
1898,OSIR
1899,BBEP
1900,EVEP
1901,FOLD
1902,ENRT
1903,TGD
1904,SPP
1905,SCMP
1906,HBI
1907,SFLY
1908,FSLR
1909,OCLS
1910,PGSI
1911,ROSG
1912,AWI
1913,APLP
1914,GEGSQ
1915,IPGP
1916,CPRX
1917,SAGD
1918,HNSN
1919,CSIQ
1920,ALLT
1921,EBS
1922,NLST
1923,AERO
1924,CHHE
1925,KNDI
1926,CDVIQ
1927,AIMC
1928,AVAV
1929,MLNX
1930,REED
1931,SMCI
1932,AVNW
1933,ZINC
1934,ARAY
1935,TLGN
1936,UFS
1937,REI
1938,OREX
1939,ONP
1940,SUMR
1941,ZNBR
1942,BIOD
1943,SHOR
1944,CBMG
1945,DRWI
1946,CAVM
1947,BHRTD
1948,PODD
1949,NBY
1950,USGT
1951,INFN
1952,TEL
1953,JAZZ
1954,ANVGQ
1955,AETI
1956,DEER
1957,VTGDF
1958,DOMK
1959,RINO
1960,SYN
1961,MASI
1962,CXO
1963,GTATQ
1964,REXX
1965,TPI
1966,WBC
1967,MXSG
1968,AMDA
1969,LULU
1970,SAND
1971,THTI
1972,CYRS
1973,CXDC
1974,SOPW
1975,OMTK
1976,VNR
1977,IMRSQ
1978,AREX
1979,ETRM
1980,SYRG
1981,PTOI
1982,OCEL
1983,OESX
1984,BTG
1985,ORN
1986,GRH
1987,PPRW
1988,AHC
1989,PSRU
1990,RGSE
1991,VLOV
1992,CLDX
1993,GALE
1994,SPCL
1995,INSY
1996,NXFI
1997,REN
1998,NX
1999,WES
2000,CDNA
2001,FES
2002,ADFS
2003,HPJ
2004,RXN
2005,PPP
2006,STRI
2007,GELV
2008,XNRG
2009,STVF
2010,ABIO
2011,LIWA
2012,ALTA
2013,CHOPF
2014,ADMP
2015,TECO
2016,ENRJ
2017,PSON
2018,CGNH
2019,HUAY
2020,FVGCF
2021,EDSFF
2022,CVE
2023,CRMD
2024,STEV
2025,KGJI
2026,VUZI
2027,PPSI
2028,ACAR
2029,PABL
2030,DSKX
2031,OAS
2032,AMPE
2033,ABAC
2034,NVFY
2035,ERN
2036,SURE
2037,EOX
2038,TOWR
2039,BWOWF
2040,QING
2041,TAHO
2042,ELMD
2043,ANFC
2044,PANG
2045,ASMB
2046,ENSV
2047,DNAX
2048,BDE
2049,ATOS
2050,ASENQ
2051,SODA
2052,RTSO
2053,TUNG
2054,TRCH
2055,3VOIL
2056,UREE
2057,DCGD
2058,MJMD
2059,VOC
2060,LBGO
2061,SNRE
2062,THR
2063,SOUP
2064,ESSI
2065,SLCO
2066,ABHD
2067,PSG
2068,RIOB
2069,SXC
2070,ITEC
2071,CLRB
2072,GEEPF
2073,PCNT
2074,WPX
2075,IMJN
2076,BRND
2077,CTLE
2078,RMGN
2079,CRYO
2080,STNT
2081,ARGS
2082,AHFD
2083,FBHS
2084,LIQT
2085,EXAD
2086,AIRW
2087,MEMP
2088,DMEDF
2089,PGLA
2090,AIXG
2091,OTIV
2092,PSDV
2093,CYTX
2094,OPTT
2095,NUVA
2096,ANGO
2097,MNTA
2098,UCTT
2099,IFON
2100,SSH
2101,ESNC
2102,WENTF
2103,AKER
2104,MNELF
2105,ENVS
2106,GPRK
2107,EXXI
2108,CDTI
2109,QURE
2110,LYB
2111,NADL
2112,AIR
2113,ACET
2114,AE
2115,ANDE
2116,ARW
2117,AVT
2118,AIT
2119,BBY
2120,BOBE
2121,0015B
2122,CACHQ
2123,CASY
2124,CAS
2125,CATO
2126,CSTW
2127,EAT
2128,CCOM
2129,RAVE
2130,BH
2131,CBRL
2132,WEN
2133,TGT
2134,AOI
2135,DDS
2136,DG
2137,ASNA
2138,EDUC
2139,M
2140,BDL
2141,FSTR
2142,GPS
2143,GCO
2144,GPC
2145,GWW
2146,HVT
2147,HWKN
2148,HD
2149,HBP
2150,RYI
2151,AXE
2152,JACO
2153,MIL
2154,SHLD
2155,KAMN
2156,KR
2157,LAWS
2158,LKII
2159,LB
2160,LOW
2161,LUB
2162,MCD
2163,MCK
2164,CVS
2165,EVI
2166,MIK
2167,MITSY
2168,RT
2169,NATH
2170,NR
2171,JWN
2172,OMI
2173,PKOH
2174,JCP
2175,PBY
2176,PIR
2177,PUSH
2178,AN
2179,RELL
2180,RAD
2181,ROST
2182,SCIXF
2183,SVU
2184,SYY
2185,1231B
2186,TRNS
2187,ESND
2188,UVV
2189,CTTC
2190,VLGEA
2191,WMT
2192,WBA
2193,WSO
2194,WMK
2195,WEYS
2196,WSM
2197,FL
2198,TJX
2199,ARKR
2200,TUES
2201,DGSE
2202,BIG
2203,TECD
2204,FRED
2205,TWMC
2206,INT
2207,SEDN
2208,ARG
2209,IMKTA
2210,CSH
2211,JACK
2212,DXLG
2213,HKFI
2214,CRMT
2215,TIF
2216,LVNTA
2217,FTUSQ
2218,FGP
2219,1641B
2220,FAST
2221,HLF
2222,ODP
2223,CVSL
2224,VASO
2225,SIG
2226,SPLS
2227,RELY
2228,CST
2229,NEEB
2230,WPT
2231,WNRL
2232,3VEND
2233,MUSA
2234,3ACTL
2235,ARCX
2236,DENN
2237,PRBI
2238,VTTI
2239,CNV
2240,IPLO
2241,QKLS
2242,GTIM
2243,WTSLQ
2244,SONC
2245,AZO
2246,PNRA
2247,FCFS
2248,DSW
2249,AEY
2250,EZPW
2251,SYBRQ
2252,BONT
2253,ARCI
2254,CHFR
2255,WFM
2256,NMSCA
2257,GWSV
2258,OPMZ
2259,CBK
2260,MW
2261,SMRT
2262,BKE
2263,KSS
2264,BBBY
2265,ESRX
2266,FINL
2267,JCTCF
2268,SBUX
2269,CENTA
2270,CAKE
2271,PDCO
2272,BAMM
2273,ZNCM
2274,DEST
2275,PSUN
2276,SCVL
2277,CHS
2278,ORLY
2279,PZZA
2280,TLF
2281,SPTN
2282,BKS
2283,COST
2284,URBN
2285,SCHN
2286,WMAR
2287,LNG
2288,TSCO
2289,ZEUS
2290,CPRT
2291,AEO
2292,RS
2293,TESS
2294,NTRI
2295,NSIT
2296,DLTR
2297,ABC
2298,PCMI
2299,TAIT
2300,DRI
2301,SYX
2302,WSTG
2303,DIT
2304,RICK
2305,POOL
2306,HSIC
2307,MSM
2308,SGU
2309,IDSA
2310,SPH
2311,WIRX
2312,BOBS
2313,RUSHA
2314,BIOS
2315,ANF
2316,ERS
2317,BJRI
2318,SPYR
2319,HIBB
2320,PAG
2321,SSI
2322,IM
2323,UNFI
2324,DAVE
2325,PLUS
2326,3GRLL
2327,GEL
2328,LAD
2329,DXPE
2330,KMX
2331,CLWT
2332,AMZN
2333,WILC
2334,PRVU
2335,PSMT
2336,PETS
2337,YUM
2338,PLCE
2339,STRZ
2340,WALK
2341,MBAY
2342,GPI
2343,SAH
2344,TALN
2345,PCCC
2346,CTDH
2347,ADNY
2348,CPSO
2349,HZO
2350,CEDCQ
2351,HDII
2352,GSPT
2353,PAA
2354,BLKIA
2355,EBYH
2356,WCC
2357,BSHI
2358,ABLE
2359,FLWS
2360,BSQR
2361,GAIA
2362,ASDS
2363,FABU
2364,KKD
2365,YOSN
2366,MDBX
2367,ICNM
2368,BWTL
2369,ADTR
2370,ABG
2371,GCFB
2372,BGFV
2373,GME
2374,AAP
2375,ARO
2376,CVGW
2377,OSTK
2378,COSI
2379,TA
2380,KIRK
2381,DKS
2382,ICTV
2383,MMLP
2384,MBPFY
2385,LKQ
2386,SNX
2387,CONN
2388,0460B
2389,BWLD
2390,DPZ
2391,TXRH
2392,NWY
2393,BECN
2394,JVA
2395,BBW
2396,BXC
2397,PBH
2398,CORE
2399,CEQP
2400,CTRN
2401,RUTH
2402,GLP
2403,JMBA
2404,HOTR
2405,KONA
2406,QSR
2407,BGI
2408,ANW
2409,HEES
2410,CMG
2411,LQDT
2412,IGC
2413,GIGL
2414,HWCC
2415,NSH
2416,QVCA
2417,INWK
2418,ASTV
2419,IDNG
2420,SBH
2421,TAST
2422,UPGI
2423,CLNE
2424,JADA
2425,PRTS
2426,CQP
2427,HGG
2428,CZZ
2429,CALI
2430,ULTA
2431,LL
2432,CDII
2433,SWRL
2434,FNRG
2435,HSNI
2436,SAUC
2437,HASC
2438,GPRC
2439,DHRM
2440,CNBI
2441,EXPR
2442,EWSI
2443,TBSSE
2444,GRSU
2445,SGMD
2446,PRSS
2447,RNDY
2448,NILE
2449,IVFH
2450,CAB
2451,AAN
2452,WDDD
2453,UHAL
2454,ABM
2455,AMS
2456,AMSWA
2457,AXR
2458,ADSK
2459,ADP
2460,BRCOQ
2461,BLLI
2462,BRK.B
2463,HRB
2464,RHI
2465,BWL.A
2466,UIS
2467,BUKS
2468,ACXM
2469,CDI
2470,CSPI
2471,CACI
2472,CHADQ
2473,MGLN
2474,CHE
2475,CHDN
2476,CMRO
2477,CDCO
2478,CAR
2479,CA
2480,CSC
2481,CTG
2482,APYI
2483,DV
2484,OMC
2485,DNB
2486,ELRC
2487,ENZ
2488,EFX
2489,FCIC
2490,FONR
2491,GK
2492,GE
2493,JOB
2494,HRS
2495,HCSG
2496,HTZ
2497,PNK
2498,HH
2499,HOT
2500,WGEI
2501,IBM
2502,ISCA
2503,IPG
2504,KELYA
2505,FMFN
2506,MCS
2507,MGRC
2508,MHFI
2509,PSSR
2510,MENT
2511,INTG
2512,NHC
2513,THC
2514,GPX
2515,CRMZ
2516,OCEX
2517,UWN
2518,PAYX
2519,AGYS
2520,IPDN
2521,AGX
2522,QSII
2523,RCMT
2524,RGS
2525,RLBY
2526,ROL
2527,R
2528,ARHN
2529,LTTC
2530,SEB
2531,APPS
2532,LPTC
2533,SCI
2534,5946B
2535,TSRI
2536,TISI
2537,SIX
2538,TSS
2539,TYL
2540,UHS
2541,VSEC
2542,VALU
2543,VISI
2544,GHC
2545,GBR
2546,XRX
2547,JKHY
2548,QMED
2549,MSFT
2550,ORCL
2551,0139A
2552,DLHC
2553,REFR
2554,IT
2555,ADBE
2556,HHS
2557,HLS
2558,FISV
2559,CKEC
2560,HEMA
2561,CLGX
2562,VSR
2563,RENT
2564,CERN
2565,DNAD
2566,RDNT
2567,EEI
2568,OCLG
2569,CCAA
2570,BARA
2571,CMPD
2572,EINF
2573,CDNS
2574,EBIX
2575,GRST
2576,AIQ
2577,IEP
2578,FUN
2579,PMD
2580,AFAM
2581,FICO
2582,TIGR
2583,USMD
2584,LDR
2585,MAN
2586,BID
2587,MGM
2588,UTRX
2589,LH
2590,DRLCQ
2591,OPIX
2592,SYMC
2593,MPAY
2594,HGR
2595,APPZ
2596,ZIXI
2597,EA
2598,ANY
2599,ENGA
2600,KND
2601,3SKKY
2602,TRMR
2603,3CNAB
2604,FJTSY
2605,PTC
2606,TLPY
2607,SNOW
2608,3CURM
2609,SGNL
2610,STIV
2611,CZR
2612,3APPGE
2613,MDCA
2614,WLRH
2615,ADPT
2616,HQY
2617,3CAFN
2618,RDGA
2619,CADT
2620,IAIC
2621,CNXR
2622,TBI
2623,HCA
2624,RAFI
2625,MOC
2626,SECU
2627,EXPO
2628,SOFN
2629,INUV
2630,THLM
2631,RDFY
2632,OPRX
2633,ETEC
2634,SMRL
2635,CYH
2636,CCEL
2637,CITY
2638,ISIG
2639,MNRO
2640,PRGS
2641,HWAY
2642,ARIOQ
2643,TSCC
2644,CICI
2645,ARIS
2646,NQCI
2647,TTEK
2648,SNPS
2649,AERG
2650,GSTY
2651,TMMI
2652,FDC
2653,CASS
2654,ADAT
2655,INTZ
2656,DYII
2657,ISLE
2658,USPH
2659,DWCH
2660,FC
2661,MGIC
2662,ITEX
2663,CPXP
2664,LAYN
2665,DIRI
2666,EVEIQ
2667,ASGN
2668,QUMU
2669,FNSI
2670,BBOX
2671,CCTR
2672,IACI
2673,SDON
2674,INTU
2675,LGF
2676,ATTU
2677,SPNS
2678,BBSI
2679,SWWI
2680,BCO
2681,MCRI
2682,INOD
2683,MHGI
2684,FLL
2685,TGISQ
2686,THRSF
2687,IMCI
2688,MAR
2689,BYD
2690,SDOI
2691,BOPT
2692,QMCI
2693,NYNY
2694,HOLL
2695,PGICQ
2696,ALSC
2697,CLHI
2698,SPDC
2699,KIWB
2700,MLNK
2701,MINI
2702,LMSC
2703,TW
2704,CBR
2705,DVCR
2706,PENN
2707,FALC
2708,AMED
2709,WAVX
2710,BMBM.1
2711,AZPN
2712,TRKR
2713,CPHC
2714,APOL
2715,TWOC
2716,MIND
2717,ESI
2718,AASP
2719,PRXI
2720,RCII
2721,PSCO
2722,TRK
2723,ACIW
2724,WVWCQ
2725,NATI
2726,RDI
2727,MMTS
2728,CBZ
2729,TXCCQ
2730,GLOW
2731,CICN
2732,ATEA
2733,GVP
2734,AMIEQ
2735,ADSV
2736,KFRC
2737,SMSI
2738,MD
2739,CLRX
2740,DVA
2741,PNTR
2742,PRXL
2743,LTRE
2744,CTXS
2745,NUAN
2746,ELCO
2747,OTEX
2748,ENG
2749,PHLH
2750,FPCG
2751,SZMK
2752,WYY
2753,CHIF
2754,PAYDD
2755,VBTC
2756,CSGS
2757,SGRP
2758,RAIO
2759,QMKR
2760,QNIIF
2761,ELNK
2762,TLCVF
2763,PRGX
2764,CRRSQ
2765,ALJJ
2766,YHOO
2767,STRM
2768,TCX
2769,SYKE
2770,FCN
2771,NVTP
2772,SSNC
2773,APVS
2774,DTRK
2775,DAEG
2776,ANSS
2777,BVSN
2778,FDS
2779,CHKP
2780,EVSNF
2781,PEGA
2782,MGT
2783,STRA
2784,WHLM
2785,TTEC
2786,AWRE
2787,CSV
2788,CRWE
2789,WLFC
2790,EDGW
2791,DVD
2792,NCI
2793,PBIO
2794,ALLN
2795,SEAC
2796,STNR
2797,ISSM
2798,HPTO
2799,TISA
2800,NEOM
2801,WSTC
2802,FORR
2803,CLOK
2804,MWW
2805,DGX
2806,BBAL
2807,NSP
2808,MDSY
2809,EPIQ
2810,TTWO
2811,MTSL
2812,MMS
2813,SLP
2814,SRT
2815,AGBR
2816,CBEV
2817,ONSM
2818,OMTL
2819,HMNY
2820,SYNT
2821,VTSI
2822,ESLT
2823,MBAIF
2824,ISON
2825,UEPS
2826,ACSEF
2827,NRCIA
2828,RBA
2829,CSU
2830,ENHT
2831,RNWK
2832,BASI
2833,AMSG
2834,MHTX
2835,TMOL
2836,LIVE
2837,SAAS
2838,ACY
2839,DSGX
2840,VRSN
2841,CECO
2842,AWWC
2843,INKS
2844,IBIN
2845,SRDX
2846,AMFW
2847,NLSN
2848,TIDE
2849,MCAP
2850,NTWK
2851,CHWE
2852,BBMF
2853,VKIN
2854,OVTZ
2855,RLH
2856,SOFO
2857,BTSR
2858,MANH
2859,CRAI
2860,EVOL
2861,ICLR
2862,PDII
2863,ULTI
2864,MSTR
2865,DXM
2866,CTSH
2867,CRRWF
2868,DOX
2869,LMGR
2870,TLVA
2871,CSGP
2872,DTLK
2873,SCIL
2874,CVG
2875,IRNS
2876,PRYNF
2877,TIGE
2878,EBAY
2879,PTSH
2880,SGLDF
2881,TGLO
2882,WBMD
2883,SPIN
2884,BCOR
2885,ALIF
2886,VMII
2887,PWEB
2888,IVFZF
2889,GDEN
2890,UDWK
2891,EPAY
2892,KFY
2893,CEB
2894,EVCI
2895,THPHF
2896,ABTL
2897,NTLNF
2898,HSII
2899,TST
2900,RATE
2901,FFIV
2902,BWEBF
2903,NMXS
2904,SLNM
2905,OXDG
2906,STMP
2907,CYRN
2908,EWKS
2909,EGOV
2910,JCOM
2911,VHC
2912,DSNY
2913,PRZM
2914,PRFT
2915,BLIAQ
2916,ACTA
2917,ICNSQ
2918,PCOM
2919,RHT
2920,NTCT
2921,COOL
2922,LOOK
2923,LIOX
2924,EGAN
2925,ININ
2926,UNTD
2927,INAP
2928,ACME
2929,ADST
2930,JCDAF
2931,CLCT
2932,KTOS
2933,IMMR
2934,VCTL
2935,CRTN
2936,PFSW
2937,XOXO
2938,WSTM
2939,ORNH
2940,SQNM
2941,GIGM
2942,ONVI
2943,DTRM
2944,ARTD
2945,GSOL
2946,HSTM
2947,SPRT
2948,LPSN
2949,SINA
2950,LIVC
2951,SONS
2952,DJRT
2953,CNYD
2954,ENTS
2955,SOHU
2956,TBIO
2957,CDWD
2958,MNDO
2959,TSYS
2960,RDVWF
2961,BEL
2962,MCO
2963,EXAS
2964,GPN
2965,MMAM
2966,PMSO
2967,SNMX
2968,OMCL
2969,ACN
2970,ADS
2971,FEECQ
2972,LWSN
2973,CCRN
2974,AHS
2975,MIHL
2976,ABCO
2977,DRAD
2978,DLAD
2979,MANT
2980,DALT
2981,XAIN
2982,SANT
2983,COWI
2984,VRNT
2985,GSB
2986,MGHL
2987,NFLX
2988,RGC
2989,DDE
2990,CPSI
2991,SBAY
2992,ACM
2993,SYRX
2994,ITNM
2995,NSEO
2996,MRPT
2997,WYNN
2998,SITO
2999,ROHIQ
3000,TZOO
3001,CATS
3002,MSTF
3003,0030B
3004,CBMX
3005,ITOU
3006,HSON
3007,IPAS
3008,CIDM
3009,TRCK
3010,CALD
3011,UTI
3012,DSTI
3013,MCHX
3014,CRM
3015,INTX
3016,SP
3017,GOOGL
3018,MORN
3019,SPRO
3020,VVDL
3021,VVI
3022,LOCMQ
3023,ODMO
3024,DWA
3025,LVS
3026,HUGE
3027,TLVTF
3028,HURN
3029,ARC
3030,LHCG
3031,EXLS
3032,FDNH
3033,IHS
3034,3MOST
3035,LINC
3036,NETE
3037,CPLA
3038,WEB
3039,CMPR
3040,VSCP
3041,NCIT
3042,EFUT
3043,TAL
3044,CLUB
3045,BKD
3046,CCO
3047,LDOS
3048,DRSV
3049,MAJCQ
3050,8550B
3051,LYV
3052,GNOW
3053,PERI
3054,MHGC
3055,FIS
3056,ADK
3057,GMET
3058,LUNA
3059,SNCR
3060,EACR
3061,ZNDX
3062,WCUI
3063,GFMH
3064,CAMG
3065,CVLT
3066,UCCC
3067,ICFI
3068,HIL
3069,AYR
3070,MBLX
3071,WLDN
3072,WFCF
3073,AER
3074,AFFY
3075,GUID
3076,NCMI
3077,PTSS
3078,BLIN
3079,GLUU
3080,BR
3081,IPUB
3082,RGDXQ
3083,SPCB
3084,TYPE
3085,CNK
3086,CAI
3087,TTGT
3088,AVOI
3089,ENOC
3090,LLNW
3091,TSSI
3092,PRO
3093,SCOR
3094,CNWHF
3095,VRTU
3096,ATHN
3097,G
3098,MELI
3099,TDC
3100,CTCT
3101,MARK
3102,TGH
3103,KLEG
3104,KALO
3105,FPAY
3106,LRN
3107,MDAS
3108,N
3109,CNSO
3110,JUHL
3111,FDBL
3112,IPCM
3113,RSSS
3114,DJSP
3115,DRNED
3116,RCON
3117,3CHND
3118,ASCMA
3119,SIXD
3120,CGEM
3121,RIHC
3122,BPI
3123,BCDI
3124,CLPI
3125,PGSY
3126,ALSOD
3127,TRITF
3128,NTEK
3129,ISDR
3130,VCMG
3131,ADUS
3132,CO
3133,H
3134,ESSX
3135,EVSP
3136,ZOOM
3137,ACHI
3138,OMNTD
3139,PRFC
3140,IDI
3141,NAUH
3142,IFLM
3143,TPCA
3144,SMGI
3145,IKGH
3146,BCYP
3147,EVTC
3148,AWON
3149,RWWI
3150,XCLK
3151,TDCH
3152,DMD
3153,STIE
3154,JTPY
3155,FCHS
3156,AL
3157,ICLD
3158,SRNA
3159,NRGT
3160,CDFT
3161,BKSH
3162,YNDX
3163,LIVX
3164,VRHD
3165,QUTR
3166,GAHC
3167,STAF
3168,ECOP
3169,SPDL
3170,MANU
3171,BRANF
3172,RVBHF
3173,LOV
3174,SAPX
3175,BLKB
3176,CATM
3177,MMRF
3178,OHGI
3179,INXN
